round,test_acc,test_loss
1,66.76156583629893,0.9054839042100039
2,71.03202846975088,0.7510491040619937
3,75.01779359430606,0.636630193753676
4,77.22419928825623,0.5636403316801245
5,80.2846975088968,0.5063163312998685
6,81.49466192170819,0.46772898733615875
7,82.20640569395017,0.45416343212127686
8,83.48754448398577,0.420355348424478
9,84.34163701067615,0.4113584431734952
10,84.27046263345196,0.3972694467414509
