round,test_acc,test_loss
1,66.76156583629893,0.9044273766604337
2,71.88612099644128,0.7539142803712324
3,73.87900355871886,0.6464405357837677
4,77.72241992882562,0.556550920009613
5,80.0711743772242,0.5153863294558092
6,81.35231316725978,0.48536295917901123
7,82.91814946619218,0.45903610505840997
8,83.13167259786476,0.42793009362437506
9,84.55516014234875,0.4021352922374552
10,84.83985765124555,0.3863538977774707
