round,test_acc,test_loss
1,66.76156583629893,0.9044273576953195
2,71.88612099644128,0.7536455988883972
3,74.59074733096085,0.6451576121828773
4,76.93950177935943,0.5595576207746159
5,80.99644128113879,0.5089584778655659
6,80.99644128113879,0.48092442750930786
7,82.49110320284697,0.45605326376178046
8,83.34519572953737,0.4236653447151184
9,84.05693950177935,0.4075502116571773
10,85.19572953736655,0.38684499534693634
