round,test_acc,test_loss
1,36.13053613053613,1.2990071830295382
2,44.75524475524475,1.0430750364349002
3,68.06526806526807,1.8964385042587917
4,30.613830613830615,1.7339868659064883
5,58.35275835275835,0.9104874190830049
6,66.35586635586635,0.7622809154646737
7,57.65345765345765,0.9757107780093238
8,67.13286713286713,0.7056817738782792
9,71.95027195027195,0.6747097500732967
10,75.29137529137529,0.5466352999210358
