round,test_acc,test_loss
1,51.95729537366548,1.2469196861440486
2,58.718861209964416,1.030712054534392
3,65.33807829181495,0.9206029772758484
4,49.8220640569395,1.1008751771666787
5,68.04270462633453,0.8424778824502771
6,72.38434163701068,0.843639609488574
7,69.8932384341637,0.8114133991978385
8,72.17081850533808,0.7066984447565946
9,73.95017793594306,0.6668339723890478
10,73.80782918149467,0.6319146291776137
