round,test_acc,test_loss
1,75.13597513597513,0.5565981382415408
2,85.78088578088578,0.3711847109454019
3,89.58818958818959,0.28219129109666463
4,92.07459207459208,0.21659671053999946
5,91.53069153069153,0.2210390954500153
6,93.7062937062937,0.18478494811625706
7,93.31779331779332,0.18317668033497675
8,93.93939393939394,0.17401823791719617
9,93.47319347319348,0.17429390514180773
10,94.0947940947941,0.1676207198983147
