round,test_acc,test_loss
1,67.11743772241992,1.0450670312751422
2,67.90035587188612,1.0128109590573744
3,71.53024911032028,0.854852784763683
4,75.37366548042705,0.8091448247432709
5,75.44483985765125,0.7907653261314739
6,78.86120996441281,0.7521441199562766
7,78.64768683274022,0.74709198420698
8,76.86832740213524,0.746295224536549
9,78.932384341637,0.7049246647141196
10,78.22064056939502,0.714630893685601
