round,test_acc,test_loss
1,74.74747474747475,0.5364036503292265
2,89.43278943278943,0.3198535172712235
3,90.9090909090909,0.26945881119796206
4,89.74358974358974,0.27000406029678525
5,92.85159285159286,0.2115041155900274
6,92.92929292929293,0.1969077760974566
7,92.92929292929293,0.1872229760601407
8,93.39549339549339,0.18702749801533564
9,93.7062937062937,0.16781478481633322
10,92.85159285159286,0.18123170272225425
