round,test_acc,test_loss
1,75.13597513597513,0.5564745735554468
2,85.78088578088578,0.37075965887024287
3,89.43278943278943,0.2828787487177622
4,92.07459207459208,0.21564480662345886
5,91.68609168609169,0.21769078856422788
6,93.39549339549339,0.18412072459856668
7,93.7062937062937,0.18291017696970985
8,93.86169386169387,0.17362471492517562
9,94.25019425019426,0.16888659802221118
10,93.24009324009324,0.180393563760888
