round,test_acc,test_loss
1,36.90753690753691,1.285721466654823
2,40.4040404040404,1.1192171147891454
3,66.97746697746697,1.9583892091399147
4,32.78943278943279,1.5784917161578225
5,39.16083916083916,1.360918062073844
6,71.17327117327117,0.6426037039075579
7,61.46076146076146,0.8568946903660184
8,54.001554001554,0.9301320768537975
9,70.24087024087024,0.6754958792811349
10,69.54156954156954,0.607621329171317
