round,test_acc,test_loss
1,68.25622775800711,1.103791350668127
2,69.7508896797153,0.9818256307731975
3,72.59786476868328,0.9139811938459222
4,69.5373665480427,0.8891372626478021
5,73.80782918149467,0.8246298134326935
6,75.30249110320284,0.8340770575133237
7,76.29893238434164,0.8693240230733698
8,78.00711743772241,0.8440200578082692
9,76.93950177935943,0.8105133230035956
10,76.29893238434164,0.8251058540560983
