round,test_acc,test_loss
1,28.469750889679716,1.3429350473664023
2,37.36654804270463,1.2755660089579495
3,48.89679715302491,1.2011473178863525
4,58.718861209964416,1.1145914413712241
5,59.5729537366548,1.051605536179109
6,59.928825622775804,1.0145360068841414
7,63.06049822064057,0.9613570814782922
8,62.49110320284697,0.957786042581905
9,64.05693950177935,0.9472087323665619
10,64.76868327402136,0.9419539354064248
