round,test_acc,test_loss
1,28.469750889679716,1.3426701534878125
2,38.00711743772242,1.2744908712126992
3,49.03914590747331,1.2006761865182356
4,58.43416370106762,1.1147215474735608
5,59.5729537366548,1.0513687215068124
6,59.786476868327405,1.014824934981086
7,63.55871886120996,0.9614416577599265
8,62.49110320284697,0.9604737243869088
9,63.84341637010676,0.9483469128608704
10,64.91103202846975,0.9429999102245678
