round,test_acc,test_loss
1,28.469750889679716,1.3421156081286343
2,40.49822064056939,1.2723382928154685
3,51.743772241992886,1.1957965330644087
4,59.21708185053381,1.1120737628503279
5,60.071174377224196,1.0512752370400862
6,59.928825622775804,1.0163760754195126
7,63.41637010676157,0.9613852555101569
8,62.13523131672598,0.9639462503519926
9,63.91459074733096,0.9481160830367695
10,64.69750889679716,0.9423420239578594
