round,test_acc,test_loss
1,24.087024087024087,20.923547199794225
2,45.84304584304584,2.5956971588588895
3,23.931623931623932,3.244706948598226
4,69.61926961926962,4.472354055870147
5,35.58663558663559,6.058841637202671
6,10.722610722610723,10.968290737697057
7,28.904428904428904,3.9151296502067927
8,43.9005439005439,4.012483982812791
9,26.806526806526808,9.829254218510219
10,42.42424242424242,2.0195186762582686
