round,test_acc,test_loss
1,66.33451957295374,0.9036007957025007
2,71.24555160142349,0.7506571249528364
3,74.02135231316726,0.6520708772269163
4,77.86476868327402,0.5537155040285804
5,80.71174377224199,0.5106153677810322
6,80.99644128113879,0.48229734328660095
7,82.84697508896797,0.4501074566082521
8,82.77580071174377,0.42318698357452045
9,84.55516014234875,0.405431485988877
10,84.69750889679716,0.38518476350740954
