round,test_acc,test_loss
1,34.72,1.5431301832199096
2,40.0,1.4700660049915313
3,38.96,1.382017308473587
4,41.6,1.2834098637104034
5,47.48,1.2007426619529724
6,48.96,1.134631133079529
7,51.24,1.1045212149620056
8,52.16,1.091461181640625
9,52.76,1.0864289164543153
10,51.12,1.0920000076293945
