round,test_acc,test_loss
1,75.05827505827506,0.5546477153187707
2,86.55788655788656,0.3772293073790414
3,89.66588966588967,0.28930994868278503
4,91.53069153069153,0.23888995533897764
5,91.37529137529137,0.22776402533054352
6,93.24009324009324,0.21211991352694376
7,93.31779331779332,0.19360869768119993
8,93.62859362859363,0.18939897808290662
9,93.86169386169387,0.17689642239184605
10,94.0947940947941,0.16938608778374536
