round,test_acc,test_loss
1,67.40213523131672,1.040330166166479
2,65.33807829181495,1.0256016173145988
3,72.02846975088968,0.8602389882911335
4,74.44839857651246,0.8107477643273093
5,77.01067615658363,0.7821247523481195
6,77.01067615658363,0.7468924603678964
7,78.14946619217082,0.7336233204061334
8,77.79359430604983,0.7336135344071821
9,79.28825622775801,0.6956667629155245
10,78.50533807829181,0.688854683529247
