round,test_acc,test_loss
1,66.43356643356644,1.3354463706768693
2,66.43356643356644,1.6331189404729576
3,66.43356643356644,1.5144986541764367
4,66.43356643356644,1.4063995857057827
5,66.43356643356644,1.486254556126715
6,66.43356643356644,1.2902425871718497
7,66.43356643356644,1.4353167915583722
8,66.43356643356644,1.292196512798823
9,66.51126651126651,1.3282183384123658
10,66.82206682206682,1.2510302022897772
