round,test_acc,test_loss
1,74.98057498057499,0.5565281212329865
2,85.85858585858585,0.3856046824228196
3,90.28749028749029,0.27614242689950125
4,90.67599067599068,0.25345807274182636
5,93.16239316239316,0.19374113529920578
6,93.55089355089355,0.18739793875387736
7,93.62859362859363,0.1832928235332171
8,93.86169386169387,0.17565888680872463
9,94.17249417249417,0.17054410669065656
10,93.24009324009324,0.18267102858849935
