round,test_acc,test_loss
1,66.43356643356644,1.5250534189066716
2,66.43356643356644,1.4554254295127023
3,66.43356643356644,1.3971415130598914
4,66.43356643356644,1.332824008406273
5,66.43356643356644,1.2654033178197486
6,66.43356643356644,1.2210529592952557
7,67.36596736596736,1.1662433562534196
8,70.31857031857032,1.0444966147520713
9,70.94017094017094,1.0804778234589667
10,71.87257187257187,0.9553006632874409
