round,test_acc,test_loss
1,36.90753690753691,1.286013887042091
2,40.01554001554002,1.1137596567471821
3,68.6091686091686,1.8798801551262538
4,33.41103341103341,1.5260718322935558
5,38.61693861693862,1.509257543654669
6,59.67365967365967,0.7824659092085702
7,51.903651903651905,1.0427827097120739
8,55.08935508935509,1.102833009901501
9,72.96037296037296,0.5889371101345334
10,71.56177156177156,0.6358125770375842
