round,test_acc,test_loss
1,27.894327894327894,1.2261271476745605
2,79.87567987567988,0.4858620961507161
3,71.56177156177156,0.6931711205591758
4,74.43667443667444,0.578735963219688
5,78.55477855477855,0.5011915578728631
6,87.1017871017871,0.31518817799431936
7,79.64257964257965,0.4729068619864328
8,77.77777777777777,0.5143222856734481
9,78.78787878787878,0.45737117599873317
10,86.24708624708624,0.32279944526297705
