round,test_acc,test_loss
1,31.0,1.5563751399517058
2,37.36,1.5042078375816346
3,37.28,1.453839498758316
4,40.04,1.3762287259101869
5,44.96,1.2900126039981843
6,42.24,1.2234756886959075
7,44.64,1.1854533493518828
8,47.76,1.1546299040317536
9,52.8,1.1462052464485168
10,49.72,1.1194388926029206
