round,test_acc,test_loss
1,67.33096085409252,1.0403416834094308
2,66.47686832740213,1.0234216207807714
3,72.24199288256227,0.8633256446231495
4,73.87900355871886,0.8192168094895103
5,76.51245551601423,0.7958856631409038
6,76.08540925266904,0.7453688762404702
7,79.1459074733096,0.7395788512446664
8,76.22775800711744,0.7481283220377836
9,78.932384341637,0.7078141868114471
10,78.14946619217082,0.7084064673293721
