round,test_acc,test_loss
1,34.519572953736656,1.344356200911782
2,44.34163701067616,1.2887594428929416
3,50.0355871886121,1.2396235303445295
4,49.8220640569395,1.158564415845004
5,57.15302491103203,1.0913055701689287
6,52.02846975088968,1.0969433269717477
7,57.15302491103203,1.0556839975443753
8,55.587188612099645,1.0628210360353643
9,59.5729537366548,1.0448698293079028
10,64.19928825622776,0.9972629438747059
