round,test_acc,test_loss
1,61.281138790035584,1.107716820456765
2,69.7508896797153,0.8864974785934795
3,69.25266903914591,0.8885808478702198
4,71.38790035587189,0.8956658108667894
5,70.8185053380783,0.794561583887447
6,71.03202846975088,0.7602190727537329
7,74.73309608540926,0.7169715030626818
8,74.59074733096085,0.7271158803593029
9,77.43772241992883,0.711013523015109
10,78.79003558718861,0.68635032935576
