round,test_acc,test_loss
1,66.54804270462634,0.9048894725062631
2,71.53024911032028,0.7461104230447249
3,74.23487544483986,0.6492331000891599
4,78.932384341637,0.5522862279956992
5,79.85765124555161,0.5193130333315242
6,82.13523131672598,0.46808211505413055
7,82.70462633451957,0.4532289139249108
8,82.20640569395017,0.44943473555824975
9,84.83985765124555,0.4043284315954555
10,84.62633451957295,0.393386110663414
