round,test_acc,test_loss
1,74.28127428127428,0.6998278498649597
2,84.07148407148406,0.5873533969833737
3,84.84848484848484,0.5011727994396573
4,88.26728826728827,0.506798654794693
5,89.35508935508936,0.5277699884914216
6,88.34498834498835,0.4742742961361295
7,89.43278943278943,0.46225876893316
8,89.8989898989899,0.49451117856161936
9,90.28749028749029,0.48624240926333834
10,90.28749028749029,0.47762522385233924
