round,test_acc,test_loss
1,49.679715302491104,1.1724470311945134
2,49.25266903914591,1.1868152835152366
3,57.86476868327402,0.9553928131406958
4,69.6797153024911,0.7865393568168987
5,66.97508896797153,0.8448325395584106
6,66.33451957295374,0.8125914281064813
7,68.8967971530249,0.7612660771066492
8,53.30960854092527,1.1328487585891376
9,63.13167259786477,0.8965448439121246
10,63.06049822064057,0.860985972664573
