round,test_acc,test_loss
1,35.08,1.5417127847671508
2,39.56,1.4676533639431
3,38.76,1.3777073562145232
4,40.72,1.2773689448833465
5,47.76,1.1955173909664154
6,48.84,1.1310842335224152
7,51.16,1.1036423921585083
8,51.76,1.0968103110790253
9,52.48,1.0945153295993806
10,50.76,1.103492307662964
