round,test_acc,test_loss
1,68.46975088967972,1.099094640124928
2,69.8220640569395,0.9868384057825262
3,71.81494661921708,0.8983414010568098
4,71.60142348754448,0.8646523979577151
5,76.51245551601423,0.8062117804180492
6,75.87188612099644,0.8199457905509255
7,77.22419928825623,0.8445505824956027
8,77.29537366548043,0.8298512128266421
9,76.93950177935943,0.7861911491914229
10,77.58007117437722,0.774453108960932
