round,test_acc,test_loss
1,78.01087801087802,0.5249017058383851
2,78.08857808857809,0.49127187650828136
3,86.09168609168609,0.33979433171805884
4,91.84149184149184,0.2294401718037469
5,90.986790986791,0.2396969525586991
6,90.52059052059052,0.23952800993408477
7,89.12198912198912,0.2737893248420386
8,92.07459207459208,0.2125420779699371
9,92.85159285159286,0.20025037229061127
10,92.61849261849262,0.20364236565572874
