round,test_acc,test_loss
1,28.469750889679716,1.3423839157277888
2,38.64768683274021,1.2738178264011035
3,49.395017793594306,1.198967998678034
4,58.93238434163701,1.1134229356592351
5,59.7153024911032,1.0511655590750955
6,60.1423487544484,1.0145957632498308
7,63.70106761565836,0.9616009132428602
8,62.49110320284697,0.9616017802195116
9,63.91459074733096,0.9481097866188396
10,64.83985765124555,0.943008999932896
