round,test_acc,test_loss
1,75.13597513597513,0.5555178835278466
2,87.02408702408702,0.3838784524372646
3,90.83139083139083,0.30984253117016386
4,89.43278943278943,0.27629399441537406
5,92.46309246309247,0.20837649632067906
6,93.39549339549339,0.19514408246392295
7,92.61849261849262,0.19589358089225634
8,93.7062937062937,0.18634236036312013
9,93.16239316239316,0.18632530314581736
10,91.76379176379176,0.21197067272095454
