round,test_acc,test_loss
1,38.362989323843415,1.3526729345321655
2,55.08896797153025,1.2616024559194392
3,58.57651245551602,1.1693200956691394
4,58.79003558718861,1.0848153721202503
5,61.56583629893238,0.9950095442208376
6,63.98576512455516,0.9200130105018616
7,65.12455516014235,0.8799408024007623
8,66.47686832740213,0.847465458241376
9,66.33451957295374,0.8312808085571636
10,68.54092526690391,0.8092644919048656
