round,test_acc,test_loss
1,35.32,1.5408513009548188
2,38.84,1.4663458585739135
3,38.24,1.3749074637889862
4,40.0,1.2733770310878754
5,47.4,1.1955247700214386
6,47.84,1.134426236152649
7,51.0,1.1107259571552277
8,52.32,1.1039273679256438
9,52.6,1.1006535708904266
10,51.2,1.108202064037323
