round,test_acc,test_loss
1,35.32,1.5410705626010894
2,38.84,1.466793715953827
3,38.36,1.3759707927703857
4,40.28,1.2750998973846435
5,47.12,1.1962461173534393
6,47.8,1.1346494019031526
7,51.0,1.1103585600852965
8,52.36,1.1033470928668976
9,52.68,1.1003212809562684
10,51.36,1.1077538788318635
