round,test_acc,test_loss
1,24.397824397824397,4.914149568194435
2,49.339549339549336,1.1047757949147905
3,73.89277389277389,0.576205176966531
4,66.66666666666667,0.9071846575964064
5,79.33177933177933,0.5892970008509499
6,73.27117327117327,0.7775486267748333
7,73.27117327117327,0.8893298102276666
8,72.64957264957265,1.5975371599197388
9,30.536130536130536,2.203195327804202
10,67.2105672105672,0.8342812898613158
