round,test_acc,test_loss
1,36.75213675213675,1.2884219828106107
2,42.03574203574203,1.0958676792326427
3,62.16006216006216,1.996168621948787
4,36.20823620823621,1.2527963604245866
5,36.82983682983683,1.4440462248665946
6,73.03807303807304,0.5967269312767756
7,38.6946386946387,1.2280330657958984
8,67.52136752136752,0.723407907145364
9,72.72727272727273,0.610258033587819
10,74.9028749028749,0.5365080613465536
