round,test_acc,test_loss
1,28.04972804972805,1.2086022070475988
2,78.78787878787878,0.4902633811746325
3,71.7948717948718,0.6373382101633719
4,76.61227661227662,0.5547152502196175
5,78.86557886557887,0.4924966281368619
6,86.63558663558663,0.32878905818575904
7,79.25407925407926,0.4520585591949168
8,76.06837606837607,0.5490290956305606
9,79.4094794094794,0.444097237217994
10,87.17948717948718,0.32505123175325845
