round,test_acc,test_loss
1,66.43356643356644,1.52300891289044
2,66.43356643356644,1.456798830291345
3,66.43356643356644,1.400626967483688
4,66.43356643356644,1.3296962591065538
5,66.43356643356644,1.2737912698427127
6,66.43356643356644,1.2241743731179409
7,67.13286713286713,1.173029156046964
8,70.16317016317016,1.0496501545643522
9,70.94017094017094,1.0863727394136644
10,71.95027195027195,0.9615992162642735
