round,test_acc,test_loss
1,26.83274021352313,2.547156659039584
2,33.238434163701065,1.4919363260269165
3,38.43416370106762,1.7558326775377446
4,39.5729537366548,2.4294659116051416
5,35.30249110320285,1.6234706098383123
6,38.93238434163701,2.3790284124287693
7,28.612099644128115,1.507438518784263
8,40.213523131672595,1.4113974571228027
9,27.330960854092528,2.627946550195867
10,32.09964412811388,1.6934338157827205
