round,test_acc,test_loss
1,78.01087801087802,0.5249017058383851
2,78.08857808857809,0.49158106318541933
3,86.01398601398601,0.3405744827219418
4,91.84149184149184,0.22939575357096537
5,91.21989121989122,0.23810912597747075
6,90.67599067599068,0.2405984756492433
7,88.96658896658897,0.2760141974403745
8,92.38539238539238,0.2122941508534409
9,93.00699300699301,0.19823297929196132
10,92.92929292929293,0.20406281469123705
