round,test_acc,test_loss
1,74.82517482517483,0.5576051104636419
2,86.01398601398601,0.37150690527189345
3,88.34498834498835,0.29368153356370474
4,92.15229215229215,0.21766197823342823
5,91.45299145299145,0.21704028298457465
6,93.55089355089355,0.18652368798142388
7,93.55089355089355,0.18513547806512742
8,93.93939393939394,0.17647385455313183
9,93.31779331779332,0.17002056006874358
10,94.01709401709402,0.17244591563940048
