round,test_acc,test_loss
1,74.5920745920746,0.6991600933529082
2,84.07148407148406,0.578600979986645
3,84.61538461538461,0.4906059077807835
4,88.5003885003885,0.49746609443709966
5,89.27738927738928,0.5050289190950847
6,88.42268842268842,0.4566979181198847
7,89.58818958818959,0.44483869558288935
8,90.05439005439005,0.482733815908432
9,90.28749028749029,0.4661565025647481
10,90.05439005439005,0.46488289322171894
