round,test_acc,test_loss
1,66.33451957295374,0.9036007550629702
2,71.38790035587189,0.7490866861560128
3,74.37722419928825,0.6520902541550723
4,77.65124555160142,0.5558596741069447
5,80.92526690391459,0.5040467097000643
6,81.35231316725978,0.47627019069411536
7,82.56227758007117,0.44784880632703955
8,83.55871886120997,0.42717261747880414
9,84.76868327402136,0.39574101296338166
10,84.83985765124555,0.38816131922331726
