round,test_acc,test_loss
1,66.43356643356644,1.5242733266204596
2,66.43356643356644,1.4547881985615407
3,66.43356643356644,1.3986690960203607
4,66.43356643356644,1.3315016866351168
5,66.43356643356644,1.2683000251473415
6,66.43356643356644,1.2219234162143298
7,67.36596736596736,1.1679764447645062
8,70.31857031857032,1.046442991477393
9,70.94017094017094,1.0824493442529015
10,71.87257187257187,0.9576559003353828
