round,test_acc,test_loss
1,66.40569395017793,0.9034643254496835
2,71.24555160142349,0.7480524453249845
3,74.37722419928825,0.6490348144011064
4,77.29537366548043,0.5573819984089244
5,80.8540925266904,0.5037341185591437
6,81.42348754448399,0.4791068014773456
7,82.49110320284697,0.45556075193665246
8,83.27402135231317,0.4275883517482064
9,85.12455516014235,0.3981814966960387
10,85.19572953736655,0.38480275869369507
