round,test_acc,test_loss
1,26.806526806526808,1.5488454898198445
2,34.032634032634036,1.7899986108144124
3,67.28826728826729,0.8427171182064783
4,67.5990675990676,0.8909147140525636
5,63.32556332556332,0.9816764493783315
6,68.14296814296814,0.8406149844328562
7,66.97746697746697,0.7636008361975352
8,36.13053613053613,1.1566860193297976
9,66.66666666666667,0.7839262258438837
10,41.72494172494172,0.9049614525976635
