round,test_acc,test_loss
1,74.98057498057499,0.5564044486908686
2,85.62548562548562,0.3887343349910918
3,90.44289044289044,0.2774915595849355
4,90.52059052059052,0.2509901048172088
5,93.16239316239316,0.19124844209069297
6,93.47319347319348,0.18692390124003092
7,93.31779331779332,0.1869404979404949
8,94.01709401709402,0.17823501339270956
9,93.24009324009324,0.18370764950911203
10,93.00699300699301,0.19129810189562185
