round,test_acc,test_loss
1,66.33451957295374,0.9036008336327293
2,71.45907473309609,0.748640008948066
3,74.09252669039147,0.6528480513529344
4,77.50889679715303,0.5534778752110221
5,80.2846975088968,0.50789813561873
6,80.8540925266904,0.47711349346420984
7,82.84697508896797,0.45847413621165534
8,83.06049822064057,0.42659018256447534
9,84.76868327402136,0.4008823863484643
10,85.33807829181495,0.3867929848757657
