round,test_acc,test_loss
1,24.475524475524477,4.87659045628139
2,56.56565656565657,0.995184892699832
3,74.2035742035742,0.5650263428688049
4,65.96736596736596,0.9007939611162458
5,74.12587412587412,0.7422500054041544
6,76.22377622377623,0.6791356106599172
7,73.81507381507382,0.8567184849331776
8,69.46386946386946,1.1831164225226356
9,34.343434343434346,1.6539106198719569
10,65.57886557886557,1.5481638056891305
