round,test_acc,test_loss
1,66.43356643356644,1.5223128304683737
2,66.43356643356644,1.4569979974822629
3,66.43356643356644,1.4015903149154925
4,66.43356643356644,1.3288465953831161
5,66.43356643356644,1.2766833169208396
6,66.43356643356644,1.2255545784054058
7,67.13286713286713,1.1751702206564092
8,70.16317016317016,1.0522315934123028
9,70.94017094017094,1.0885234868065232
10,71.95027195027195,0.9650700311841709
