round,test_acc,test_loss
1,49.8220640569395,1.1650439717552878
2,48.04270462633452,1.323328272862868
3,63.84341637010676,0.8862221945415844
4,65.83629893238434,0.8388993279500441
5,65.90747330960853,0.8011395633220673
6,63.84341637010676,0.8887601386417042
7,68.61209964412811,0.7796232104301453
8,56.512455516014235,1.03674424236471
9,68.18505338078292,0.8092920915646986
10,64.98220640569394,0.8626892377029766
