round,test_acc,test_loss
1,74.43667443667444,0.6823643105370658
2,83.6052836052836,0.5779094852152324
3,85.39238539238539,0.4908231624535152
4,88.88888888888889,0.46470266296750024
5,90.28749028749029,0.43793086068970816
6,90.52059052059052,0.39354457883607774
7,91.14219114219114,0.39931010206540424
8,91.68609168609169,0.38328791232336135
9,91.2975912975913,0.39644971915653776
10,91.60839160839161,0.3986762591770717
