round,test_acc,test_loss
1,66.69039145907473,0.9046000106768175
2,71.17437722419929,0.7552405216477134
3,77.93594306049822,0.650533911856738
4,76.93950177935943,0.5704681168903004
5,79.07473309608541,0.5121670094403353
6,82.06405693950178,0.4685253230008212
7,83.34519572953737,0.43715742365880444
8,82.91814946619218,0.42286771129478107
9,84.12811387900356,0.406753961335529
10,85.12455516014235,0.3952929377555847
