round,test_acc,test_loss
1,75.13597513597513,0.5564745380764916
2,85.78088578088578,0.3707584391037623
3,89.43278943278943,0.28276129421733676
4,92.22999222999223,0.2157346038591294
5,91.68609168609169,0.2167332676194963
6,93.47319347319348,0.18501827333654677
7,93.7062937062937,0.1846297745193754
8,93.93939393939394,0.1762791449824969
9,93.31779331779332,0.17246183291787193
10,93.55089355089355,0.17064749112441427
