round,test_acc,test_loss
1,24.397824397824397,4.913414058231172
2,50.582750582750585,1.0990226893197923
3,73.97047397047398,0.5731209913889567
4,63.17016317016317,1.012557097843715
5,77.23387723387724,0.6459173914932069
6,65.42346542346543,1.0013138069992973
7,73.73737373737374,0.7801555687827724
8,72.18337218337219,1.6910374200060254
9,54.39005439005439,0.9491610214823768
10,72.64957264957265,0.8491778281472978
