round,test_acc,test_loss
1,49.32384341637011,1.164903936060992
2,49.03914590747331,1.184046376835216
3,57.22419928825623,0.9570736722512678
4,70.1067615658363,0.7704100771383806
5,67.11743772241992,0.8007247420874509
6,66.40569395017793,0.8283414732326161
7,63.98576512455516,0.8896835365078666
8,63.70106761565836,0.9317871007052335
9,65.48042704626334,0.9060517793351953
10,67.54448398576513,0.7885332378474149
