round,test_acc,test_loss
1,75.13597513597513,0.5565980970859528
2,85.78088578088578,0.3711387188661666
3,89.66588966588967,0.2810051895323254
4,92.22999222999223,0.21738712560562862
5,91.37529137529137,0.21864123287655057
6,93.55089355089355,0.18516694115740912
7,93.7062937062937,0.18284155676762262
8,93.78399378399378,0.1749634285058294
9,93.93939393939394,0.17203544896273387
10,94.48329448329449,0.16674674231381642
