round,test_acc,test_loss
1,62.39316239316239,1.273543207418351
2,72.88267288267288,0.6275036303060395
3,86.24708624708624,0.37832326122692655
4,89.43278943278943,0.26914824758257183
5,90.52059052059052,0.24932788773661568
6,86.16938616938617,0.36674425360702334
7,91.2975912975913,0.27341566731532413
8,92.07459207459208,0.23463695780152366
9,92.3076923076923,0.2245080487004348
10,91.2975912975913,0.2516782143641086
