round,test_acc,test_loss
1,26.72882672882673,1.5499279158455985
2,33.255633255633256,1.8257815837860107
3,67.2105672105672,0.8408346048423222
4,68.76456876456876,0.8989832089060829
5,63.4032634032634,0.9470111046518598
6,68.14296814296814,0.9090750997974759
7,66.66666666666667,0.7557628112179893
8,38.30613830613831,1.120184103647868
9,66.43356643356644,0.7894929122357142
10,34.654234654234656,0.9479919785544986
