round,test_acc,test_loss
1,65.26690391459074,0.9298221929506822
2,70.74733096085409,0.791392215273597
3,74.23487544483986,0.6713213189081713
4,79.4306049822064,0.5818852335214615
5,80.355871886121,0.5155230056155812
6,81.20996441281139,0.5009959895502437
7,82.41992882562278,0.46583866531198675
8,81.35231316725978,0.4704418805512515
9,81.067615658363,0.462687149643898
10,82.91814946619218,0.4463987783952193
