round,test_acc,test_loss
1,28.469750889679716,1.3432669639587402
2,36.86832740213523,1.2760266986760227
3,48.82562277580071,1.200711033561013
4,58.57651245551602,1.115237366069447
5,59.5729537366548,1.0521689436652444
6,59.8576512455516,1.0140330601822247
7,62.77580071174377,0.9620834399353374
8,62.49110320284697,0.9567951478741386
9,63.98576512455516,0.9474139863794501
10,64.62633451957295,0.9431788975542242
