round,test_acc,test_loss
1,52.02846975088968,1.244500607252121
2,60.711743772241995,1.0185686647891998
3,70.88967971530249,0.908649975603277
4,64.27046263345196,0.8806674534624274
5,67.54448398576513,0.8015921928665855
6,74.66192170818505,0.7181794914332303
7,72.24199288256227,0.7345299151810732
8,78.29181494661921,0.5899925353852186
9,79.2170818505338,0.5737097751010548
10,80.0,0.5568155632777647
