round,test_acc,test_loss
1,74.35897435897436,0.6819145480791727
2,83.37218337218337,0.5770818293094635
3,85.15928515928516,0.48992998401323956
4,88.88888888888889,0.46376595610664006
5,90.44289044289044,0.43551612042245413
6,90.67599067599068,0.39209124587831046
7,90.986790986791,0.3937935105391911
8,91.996891996892,0.38150630536533536
9,91.2975912975913,0.40077278159913565
10,91.37529137529137,0.39833402775582816
