round,test_acc,test_loss
1,35.12,1.5421628534793854
2,39.56,1.4681570947170257
3,38.84,1.378613781929016
4,40.72,1.2785580158233643
5,47.72,1.1965368747711183
6,48.68,1.131472009420395
7,51.08,1.101721966266632
8,52.08,1.0894281387329101
9,52.64,1.0852968722581864
10,51.12,1.094457483291626
