round,test_acc,test_loss
1,75.91297591297591,0.555507827372778
2,86.94638694638695,0.37674799703416373
3,90.5982905982906,0.31931508013180326
4,89.5104895104895,0.2807450315782002
5,92.92929292929293,0.20496376249052228
6,93.00699300699301,0.19282101839780807
7,92.92929292929293,0.19023161558877855
8,93.78399378399378,0.1808196228174936
9,93.39549339549339,0.17628915040265947
10,89.8989898989899,0.2424291604686351
