round,test_acc,test_loss
1,46.405693950177934,1.2980114384130998
2,56.654804270462634,1.194355227730491
3,59.430604982206404,1.0981240706010298
4,60.64056939501779,1.0161413740028034
5,62.27758007117438,0.9465487789024006
6,62.98932384341637,0.8912355222485282
7,64.83985765124555,0.8385817516933788
8,67.75800711743773,0.7894254706122659
9,69.6797153024911,0.7430234822359952
10,71.24555160142349,0.7042767432602969
