round,test_acc,test_loss
1,53.238434163701065,1.2920529571446506
2,57.08185053380783,1.13946824724024
3,61.779359430604984,0.9828214022246274
4,63.629893238434164,0.8961565088142048
5,67.90035587188612,0.8346703296357935
6,70.88967971530249,0.7656547698107633
7,73.09608540925267,0.7184859134934165
8,72.17081850533808,0.7100397240031849
9,72.24199288256227,0.7014559737660668
10,72.02846975088968,0.7097621072422374
