round,test_acc,test_loss
1,66.43356643356644,1.517415236371259
2,66.43356643356644,1.459533891862347
3,66.43356643356644,1.405864058239829
4,66.43356643356644,1.3282831790635274
5,66.43356643356644,1.2877175793317812
6,66.43356643356644,1.2311768133104557
7,66.8997668997669,1.1851538713755352
8,69.6969696969697,1.0637430708323206
9,70.62937062937063,1.0962484841722817
10,71.87257187257187,0.9738600942350569
